{"centre_lat":51.4247955,"centre_lon":1.6066755000000001,"zoom":9.276656617449989}